species	candidate_accession	paired_accession	biosample	strain	organism_name	assembly_level	assembly_status	source_database	lpsn_type_strain_ids	observed_deposit_or_alias	evidence_source_type	evidence_source_url_or_file	evidence_text_short	confidence	strict_decision	recommended_action
Fusobacterium mortiferum	GCF_003438345.1	GCA_003438345.1	SAMN09736818	OM06-15BH	Fusobacterium mortiferum	Scaffold	current	SOURCE_DATABASE_REFSEQ	ATCC 25557; CCUG 14475; DSM 19809		NCBI Datasets genome summary JSONL	results/fusobacterium_mortiferum_final_review/cache/ncbi/fusobacterium_mortiferum_datasets_summary_2026-05-23.jsonl	NCBI Datasets summary: strain=OM06-15BH; biosample=SAMN09736818; observed=none; assembly_level=Scaffold; source_database=SOURCE_DATABASE_REFSEQ.	no evidence	reject_for_strict_type_strain_selection	No type-strain deposit ID or equivalence evidence present in NCBI Datasets summary.
Fusobacterium mortiferum	GCF_003470285.1	GCA_003470285.1	SAMN09736304	AM25-18LB	Fusobacterium mortiferum	Scaffold	current	SOURCE_DATABASE_REFSEQ	ATCC 25557; CCUG 14475; DSM 19809		NCBI Datasets genome summary JSONL	results/fusobacterium_mortiferum_final_review/cache/ncbi/fusobacterium_mortiferum_datasets_summary_2026-05-23.jsonl	NCBI Datasets summary: strain=AM25-18LB; biosample=SAMN09736304; observed=none; assembly_level=Scaffold; source_database=SOURCE_DATABASE_REFSEQ.	no evidence	reject_for_strict_type_strain_selection	No type-strain deposit ID or equivalence evidence present in NCBI Datasets summary.
Fusobacterium mortiferum	GCF_003470805.1	GCA_003470805.1	SAMN09736297	AM25-1	Fusobacterium mortiferum	Scaffold	current	SOURCE_DATABASE_REFSEQ	ATCC 25557; CCUG 14475; DSM 19809		NCBI Datasets genome summary JSONL	results/fusobacterium_mortiferum_final_review/cache/ncbi/fusobacterium_mortiferum_datasets_summary_2026-05-23.jsonl	NCBI Datasets summary: strain=AM25-1; biosample=SAMN09736297; observed=none; assembly_level=Scaffold; source_database=SOURCE_DATABASE_REFSEQ.	no evidence	reject_for_strict_type_strain_selection	No type-strain deposit ID or equivalence evidence present in NCBI Datasets summary.
Fusobacterium mortiferum	GCF_016900045.1	GCA_016900045.1	SAMN14913634	An814	Fusobacterium mortiferum	Contig	current	SOURCE_DATABASE_REFSEQ	ATCC 25557; CCUG 14475; DSM 19809		NCBI Datasets genome summary JSONL	results/fusobacterium_mortiferum_final_review/cache/ncbi/fusobacterium_mortiferum_datasets_summary_2026-05-23.jsonl	NCBI Datasets summary: strain=An814; biosample=SAMN14913634; observed=none; assembly_level=Contig; source_database=SOURCE_DATABASE_REFSEQ.	no evidence	reject_for_strict_type_strain_selection	No type-strain deposit ID or equivalence evidence present in NCBI Datasets summary.
Fusobacterium mortiferum	GCF_016902335.1	GCA_016902335.1	SAMN14913551	An425	Fusobacterium mortiferum	Contig	current	SOURCE_DATABASE_REFSEQ	ATCC 25557; CCUG 14475; DSM 19809		NCBI Datasets genome summary JSONL	results/fusobacterium_mortiferum_final_review/cache/ncbi/fusobacterium_mortiferum_datasets_summary_2026-05-23.jsonl	NCBI Datasets summary: strain=An425; biosample=SAMN14913551; observed=none; assembly_level=Contig; source_database=SOURCE_DATABASE_REFSEQ.	no evidence	reject_for_strict_type_strain_selection	No type-strain deposit ID or equivalence evidence present in NCBI Datasets summary.
Fusobacterium mortiferum	GCF_016902555.1	GCA_016902555.1	SAMN14913542	An397	Fusobacterium mortiferum	Contig	current	SOURCE_DATABASE_REFSEQ	ATCC 25557; CCUG 14475; DSM 19809		NCBI Datasets genome summary JSONL	results/fusobacterium_mortiferum_final_review/cache/ncbi/fusobacterium_mortiferum_datasets_summary_2026-05-23.jsonl	NCBI Datasets summary: strain=An397; biosample=SAMN14913542; observed=none; assembly_level=Contig; source_database=SOURCE_DATABASE_REFSEQ.	no evidence	reject_for_strict_type_strain_selection	No type-strain deposit ID or equivalence evidence present in NCBI Datasets summary.
Fusobacterium mortiferum	GCF_021531635.1	GCA_021531635.1	SAMN15872548	An874	Fusobacterium mortiferum	Contig	current	SOURCE_DATABASE_REFSEQ	ATCC 25557; CCUG 14475; DSM 19809		NCBI Datasets genome summary JSONL	results/fusobacterium_mortiferum_final_review/cache/ncbi/fusobacterium_mortiferum_datasets_summary_2026-05-23.jsonl	NCBI Datasets summary: strain=An874; biosample=SAMN15872548; observed=none; assembly_level=Contig; source_database=SOURCE_DATABASE_REFSEQ.	no evidence	reject_for_strict_type_strain_selection	No type-strain deposit ID or equivalence evidence present in NCBI Datasets summary.
Fusobacterium mortiferum	GCF_021532115.1	GCA_021532115.1	SAMN15872581	ET45	Fusobacterium mortiferum	Contig	current	SOURCE_DATABASE_REFSEQ	ATCC 25557; CCUG 14475; DSM 19809		NCBI Datasets genome summary JSONL	results/fusobacterium_mortiferum_final_review/cache/ncbi/fusobacterium_mortiferum_datasets_summary_2026-05-23.jsonl	NCBI Datasets summary: strain=ET45; biosample=SAMN15872581; observed=none; assembly_level=Contig; source_database=SOURCE_DATABASE_REFSEQ.	no evidence	reject_for_strict_type_strain_selection	No type-strain deposit ID or equivalence evidence present in NCBI Datasets summary.
Fusobacterium mortiferum	GCF_027666755.1	GCA_027666755.1	SAMN31809267	AM73-22pH9TA	Fusobacterium mortiferum	Scaffold	current	SOURCE_DATABASE_REFSEQ	ATCC 25557; CCUG 14475; DSM 19809		NCBI Datasets genome summary JSONL	results/fusobacterium_mortiferum_final_review/cache/ncbi/fusobacterium_mortiferum_datasets_summary_2026-05-23.jsonl	NCBI Datasets summary: strain=AM73-22pH9TA; biosample=SAMN31809267; observed=none; assembly_level=Scaffold; source_database=SOURCE_DATABASE_REFSEQ.	no evidence	reject_for_strict_type_strain_selection	No type-strain deposit ID or equivalence evidence present in NCBI Datasets summary.
Fusobacterium mortiferum	GCF_052120955.1	GCA_052120955.1	SAMN48950749	LCP19S3_F8	Fusobacterium mortiferum	Contig	current	SOURCE_DATABASE_REFSEQ	ATCC 25557; CCUG 14475; DSM 19809		NCBI Datasets genome summary JSONL	results/fusobacterium_mortiferum_final_review/cache/ncbi/fusobacterium_mortiferum_datasets_summary_2026-05-23.jsonl	NCBI Datasets summary: strain=LCP19S3_F8; biosample=SAMN48950749; observed=none; assembly_level=Contig; source_database=SOURCE_DATABASE_REFSEQ.	no evidence	reject_for_strict_type_strain_selection	No type-strain deposit ID or equivalence evidence present in NCBI Datasets summary.
Fusobacterium mortiferum	GCF_052350005.1	GCA_052350005.1	SAMN37996374		Fusobacterium mortiferum	Scaffold	suppressed	SOURCE_DATABASE_REFSEQ	ATCC 25557; CCUG 14475; DSM 19809		NCBI Datasets genome summary JSONL	results/fusobacterium_mortiferum_final_review/cache/ncbi/fusobacterium_mortiferum_datasets_summary_2026-05-23.jsonl	NCBI Datasets summary: strain=blank; biosample=SAMN37996374; observed=none; assembly_level=Scaffold; source_database=SOURCE_DATABASE_REFSEQ.	no evidence	reject_for_strict_type_strain_selection	No type-strain deposit ID or equivalence evidence present in NCBI Datasets summary.
Fusobacterium mortiferum	GCF_057585585.1	GCA_057585585.1	SAMN57540259	SYC45	Fusobacterium mortiferum	Complete Genome	current	SOURCE_DATABASE_REFSEQ	ATCC 25557; CCUG 14475; DSM 19809	SYC45	NCBI Datasets genome summary JSONL	results/fusobacterium_mortiferum_final_review/cache/ncbi/fusobacterium_mortiferum_datasets_summary_2026-05-23.jsonl	NCBI Datasets summary: strain=SYC45; biosample=SAMN57540259; observed=SYC45; assembly_level=Complete Genome; source_database=SOURCE_DATABASE_REFSEQ.	low	reject_until_equivalence_proven	Do not use unless a curator finds authoritative evidence that SYC45 equals ATCC 25557, CCUG 14475, or DSM 19809.
Fusobacterium mortiferum	GCF_057585615.1	GCA_057585615.1	SAMN57540307	SM100	Fusobacterium mortiferum	Complete Genome	current	SOURCE_DATABASE_REFSEQ	ATCC 25557; CCUG 14475; DSM 19809		NCBI Datasets genome summary JSONL	results/fusobacterium_mortiferum_final_review/cache/ncbi/fusobacterium_mortiferum_datasets_summary_2026-05-23.jsonl	NCBI Datasets summary: strain=SM100; biosample=SAMN57540307; observed=none; assembly_level=Complete Genome; source_database=SOURCE_DATABASE_REFSEQ.	no evidence	reject_for_strict_type_strain_selection	No type-strain deposit ID or equivalence evidence present in NCBI Datasets summary.
Fusobacterium mortiferum	GCF_057585635.1	GCA_057585635.1	SAMN57540719	FC91	Fusobacterium mortiferum	Complete Genome	current	SOURCE_DATABASE_REFSEQ	ATCC 25557; CCUG 14475; DSM 19809		NCBI Datasets genome summary JSONL	results/fusobacterium_mortiferum_final_review/cache/ncbi/fusobacterium_mortiferum_datasets_summary_2026-05-23.jsonl	NCBI Datasets summary: strain=FC91; biosample=SAMN57540719; observed=none; assembly_level=Complete Genome; source_database=SOURCE_DATABASE_REFSEQ.	no evidence	reject_for_strict_type_strain_selection	No type-strain deposit ID or equivalence evidence present in NCBI Datasets summary.
Fusobacterium mortiferum	GCF_902387645.1	GCA_902387645.1	SAMEA5851990		Fusobacterium mortiferum	Scaffold	current	SOURCE_DATABASE_REFSEQ	ATCC 25557; CCUG 14475; DSM 19809		NCBI Datasets genome summary JSONL	results/fusobacterium_mortiferum_final_review/cache/ncbi/fusobacterium_mortiferum_datasets_summary_2026-05-23.jsonl	NCBI Datasets summary: strain=blank; biosample=SAMEA5851990; observed=none; assembly_level=Scaffold; source_database=SOURCE_DATABASE_REFSEQ.	no evidence	reject_for_strict_type_strain_selection	No type-strain deposit ID or equivalence evidence present in NCBI Datasets summary.
Fusobacterium mortiferum	GCF_903181465.1	GCA_903181465.1	SAMEA6831318		Fusobacterium mortiferum	Contig	current	SOURCE_DATABASE_REFSEQ	ATCC 25557; CCUG 14475; DSM 19809		NCBI Datasets genome summary JSONL	results/fusobacterium_mortiferum_final_review/cache/ncbi/fusobacterium_mortiferum_datasets_summary_2026-05-23.jsonl	NCBI Datasets summary: strain=blank; biosample=SAMEA6831318; observed=none; assembly_level=Contig; source_database=SOURCE_DATABASE_REFSEQ.	no evidence	reject_for_strict_type_strain_selection	No type-strain deposit ID or equivalence evidence present in NCBI Datasets summary.
Fusobacterium mortiferum	GCA_003438345.1	GCF_003438345.1	SAMN09736818	OM06-15BH	Fusobacterium mortiferum	Scaffold	current	SOURCE_DATABASE_GENBANK	ATCC 25557; CCUG 14475; DSM 19809		NCBI Datasets genome summary JSONL	results/fusobacterium_mortiferum_final_review/cache/ncbi/fusobacterium_mortiferum_datasets_summary_2026-05-23.jsonl	NCBI Datasets summary: strain=OM06-15BH; biosample=SAMN09736818; observed=none; assembly_level=Scaffold; source_database=SOURCE_DATABASE_GENBANK.	no evidence	reject_for_strict_type_strain_selection	No type-strain deposit ID or equivalence evidence present in NCBI Datasets summary.
Fusobacterium mortiferum	GCA_003470285.1	GCF_003470285.1	SAMN09736304	AM25-18LB	Fusobacterium mortiferum	Scaffold	current	SOURCE_DATABASE_GENBANK	ATCC 25557; CCUG 14475; DSM 19809		NCBI Datasets genome summary JSONL	results/fusobacterium_mortiferum_final_review/cache/ncbi/fusobacterium_mortiferum_datasets_summary_2026-05-23.jsonl	NCBI Datasets summary: strain=AM25-18LB; biosample=SAMN09736304; observed=none; assembly_level=Scaffold; source_database=SOURCE_DATABASE_GENBANK.	no evidence	reject_for_strict_type_strain_selection	No type-strain deposit ID or equivalence evidence present in NCBI Datasets summary.
Fusobacterium mortiferum	GCA_003470805.1	GCF_003470805.1	SAMN09736297	AM25-1	Fusobacterium mortiferum	Scaffold	current	SOURCE_DATABASE_GENBANK	ATCC 25557; CCUG 14475; DSM 19809		NCBI Datasets genome summary JSONL	results/fusobacterium_mortiferum_final_review/cache/ncbi/fusobacterium_mortiferum_datasets_summary_2026-05-23.jsonl	NCBI Datasets summary: strain=AM25-1; biosample=SAMN09736297; observed=none; assembly_level=Scaffold; source_database=SOURCE_DATABASE_GENBANK.	no evidence	reject_for_strict_type_strain_selection	No type-strain deposit ID or equivalence evidence present in NCBI Datasets summary.
Fusobacterium mortiferum	GCA_016900045.1	GCF_016900045.1	SAMN14913634	An814	Fusobacterium mortiferum	Contig	current	SOURCE_DATABASE_GENBANK	ATCC 25557; CCUG 14475; DSM 19809		NCBI Datasets genome summary JSONL	results/fusobacterium_mortiferum_final_review/cache/ncbi/fusobacterium_mortiferum_datasets_summary_2026-05-23.jsonl	NCBI Datasets summary: strain=An814; biosample=SAMN14913634; observed=none; assembly_level=Contig; source_database=SOURCE_DATABASE_GENBANK.	no evidence	reject_for_strict_type_strain_selection	No type-strain deposit ID or equivalence evidence present in NCBI Datasets summary.
Fusobacterium mortiferum	GCA_016902335.1	GCF_016902335.1	SAMN14913551	An425	Fusobacterium mortiferum	Contig	current	SOURCE_DATABASE_GENBANK	ATCC 25557; CCUG 14475; DSM 19809		NCBI Datasets genome summary JSONL	results/fusobacterium_mortiferum_final_review/cache/ncbi/fusobacterium_mortiferum_datasets_summary_2026-05-23.jsonl	NCBI Datasets summary: strain=An425; biosample=SAMN14913551; observed=none; assembly_level=Contig; source_database=SOURCE_DATABASE_GENBANK.	no evidence	reject_for_strict_type_strain_selection	No type-strain deposit ID or equivalence evidence present in NCBI Datasets summary.
Fusobacterium mortiferum	GCA_016902555.1	GCF_016902555.1	SAMN14913542	An397	Fusobacterium mortiferum	Contig	current	SOURCE_DATABASE_GENBANK	ATCC 25557; CCUG 14475; DSM 19809		NCBI Datasets genome summary JSONL	results/fusobacterium_mortiferum_final_review/cache/ncbi/fusobacterium_mortiferum_datasets_summary_2026-05-23.jsonl	NCBI Datasets summary: strain=An397; biosample=SAMN14913542; observed=none; assembly_level=Contig; source_database=SOURCE_DATABASE_GENBANK.	no evidence	reject_for_strict_type_strain_selection	No type-strain deposit ID or equivalence evidence present in NCBI Datasets summary.
Fusobacterium mortiferum	GCA_021531635.1	GCF_021531635.1	SAMN15872548	An874	Fusobacterium mortiferum	Contig	current	SOURCE_DATABASE_GENBANK	ATCC 25557; CCUG 14475; DSM 19809		NCBI Datasets genome summary JSONL	results/fusobacterium_mortiferum_final_review/cache/ncbi/fusobacterium_mortiferum_datasets_summary_2026-05-23.jsonl	NCBI Datasets summary: strain=An874; biosample=SAMN15872548; observed=none; assembly_level=Contig; source_database=SOURCE_DATABASE_GENBANK.	no evidence	reject_for_strict_type_strain_selection	No type-strain deposit ID or equivalence evidence present in NCBI Datasets summary.
Fusobacterium mortiferum	GCA_021532115.1	GCF_021532115.1	SAMN15872581	ET45	Fusobacterium mortiferum	Contig	current	SOURCE_DATABASE_GENBANK	ATCC 25557; CCUG 14475; DSM 19809		NCBI Datasets genome summary JSONL	results/fusobacterium_mortiferum_final_review/cache/ncbi/fusobacterium_mortiferum_datasets_summary_2026-05-23.jsonl	NCBI Datasets summary: strain=ET45; biosample=SAMN15872581; observed=none; assembly_level=Contig; source_database=SOURCE_DATABASE_GENBANK.	no evidence	reject_for_strict_type_strain_selection	No type-strain deposit ID or equivalence evidence present in NCBI Datasets summary.
Fusobacterium mortiferum	GCA_021626885.1		SAMN23483492		Fusobacterium mortiferum	Scaffold	current	SOURCE_DATABASE_GENBANK	ATCC 25557; CCUG 14475; DSM 19809		NCBI Datasets genome summary JSONL	results/fusobacterium_mortiferum_final_review/cache/ncbi/fusobacterium_mortiferum_datasets_summary_2026-05-23.jsonl	NCBI Datasets summary: strain=blank; biosample=SAMN23483492; observed=none; assembly_level=Scaffold; source_database=SOURCE_DATABASE_GENBANK.	no evidence	reject_for_strict_type_strain_selection	No type-strain deposit ID or equivalence evidence present in NCBI Datasets summary.
Fusobacterium mortiferum	GCA_022774245.1		SAMN26526060		Fusobacterium mortiferum	Contig	current	SOURCE_DATABASE_GENBANK	ATCC 25557; CCUG 14475; DSM 19809		NCBI Datasets genome summary JSONL	results/fusobacterium_mortiferum_final_review/cache/ncbi/fusobacterium_mortiferum_datasets_summary_2026-05-23.jsonl	NCBI Datasets summary: strain=blank; biosample=SAMN26526060; observed=none; assembly_level=Contig; source_database=SOURCE_DATABASE_GENBANK.	no evidence	reject_for_strict_type_strain_selection	No type-strain deposit ID or equivalence evidence present in NCBI Datasets summary.
Fusobacterium mortiferum	GCA_022776485.1		SAMN26525899		Fusobacterium mortiferum	Contig	current	SOURCE_DATABASE_GENBANK	ATCC 25557; CCUG 14475; DSM 19809		NCBI Datasets genome summary JSONL	results/fusobacterium_mortiferum_final_review/cache/ncbi/fusobacterium_mortiferum_datasets_summary_2026-05-23.jsonl	NCBI Datasets summary: strain=blank; biosample=SAMN26525899; observed=none; assembly_level=Contig; source_database=SOURCE_DATABASE_GENBANK.	no evidence	reject_for_strict_type_strain_selection	No type-strain deposit ID or equivalence evidence present in NCBI Datasets summary.
Fusobacterium mortiferum	GCA_022786685.1		SAMN26927414		Fusobacterium mortiferum	Contig	current	SOURCE_DATABASE_GENBANK	ATCC 25557; CCUG 14475; DSM 19809		NCBI Datasets genome summary JSONL	results/fusobacterium_mortiferum_final_review/cache/ncbi/fusobacterium_mortiferum_datasets_summary_2026-05-23.jsonl	NCBI Datasets summary: strain=blank; biosample=SAMN26927414; observed=none; assembly_level=Contig; source_database=SOURCE_DATABASE_GENBANK.	no evidence	reject_for_strict_type_strain_selection	No type-strain deposit ID or equivalence evidence present in NCBI Datasets summary.
Fusobacterium mortiferum	GCA_027666755.1	GCF_027666755.1	SAMN31809267	AM73-22pH9TA	Fusobacterium mortiferum	Scaffold	current	SOURCE_DATABASE_GENBANK	ATCC 25557; CCUG 14475; DSM 19809		NCBI Datasets genome summary JSONL	results/fusobacterium_mortiferum_final_review/cache/ncbi/fusobacterium_mortiferum_datasets_summary_2026-05-23.jsonl	NCBI Datasets summary: strain=AM73-22pH9TA; biosample=SAMN31809267; observed=none; assembly_level=Scaffold; source_database=SOURCE_DATABASE_GENBANK.	no evidence	reject_for_strict_type_strain_selection	No type-strain deposit ID or equivalence evidence present in NCBI Datasets summary.
Fusobacterium mortiferum	GCA_028722945.1		SAMN32799443		Fusobacterium mortiferum	Contig	current	SOURCE_DATABASE_GENBANK	ATCC 25557; CCUG 14475; DSM 19809		NCBI Datasets genome summary JSONL	results/fusobacterium_mortiferum_final_review/cache/ncbi/fusobacterium_mortiferum_datasets_summary_2026-05-23.jsonl	NCBI Datasets summary: strain=blank; biosample=SAMN32799443; observed=none; assembly_level=Contig; source_database=SOURCE_DATABASE_GENBANK.	no evidence	reject_for_strict_type_strain_selection	No type-strain deposit ID or equivalence evidence present in NCBI Datasets summary.
Fusobacterium mortiferum	GCA_034088185.1		SAMN37948520		Fusobacterium mortiferum	Contig	current	SOURCE_DATABASE_GENBANK	ATCC 25557; CCUG 14475; DSM 19809		NCBI Datasets genome summary JSONL	results/fusobacterium_mortiferum_final_review/cache/ncbi/fusobacterium_mortiferum_datasets_summary_2026-05-23.jsonl	NCBI Datasets summary: strain=blank; biosample=SAMN37948520; observed=none; assembly_level=Contig; source_database=SOURCE_DATABASE_GENBANK.	no evidence	reject_for_strict_type_strain_selection	No type-strain deposit ID or equivalence evidence present in NCBI Datasets summary.
Fusobacterium mortiferum	GCA_034115965.1		SAMN37949082		Fusobacterium mortiferum	Contig	current	SOURCE_DATABASE_GENBANK	ATCC 25557; CCUG 14475; DSM 19809		NCBI Datasets genome summary JSONL	results/fusobacterium_mortiferum_final_review/cache/ncbi/fusobacterium_mortiferum_datasets_summary_2026-05-23.jsonl	NCBI Datasets summary: strain=blank; biosample=SAMN37949082; observed=none; assembly_level=Contig; source_database=SOURCE_DATABASE_GENBANK.	no evidence	reject_for_strict_type_strain_selection	No type-strain deposit ID or equivalence evidence present in NCBI Datasets summary.
Fusobacterium mortiferum	GCA_034179395.1		SAMN37949697		Fusobacterium mortiferum	Contig	current	SOURCE_DATABASE_GENBANK	ATCC 25557; CCUG 14475; DSM 19809		NCBI Datasets genome summary JSONL	results/fusobacterium_mortiferum_final_review/cache/ncbi/fusobacterium_mortiferum_datasets_summary_2026-05-23.jsonl	NCBI Datasets summary: strain=blank; biosample=SAMN37949697; observed=none; assembly_level=Contig; source_database=SOURCE_DATABASE_GENBANK.	no evidence	reject_for_strict_type_strain_selection	No type-strain deposit ID or equivalence evidence present in NCBI Datasets summary.
Fusobacterium mortiferum	GCA_036552165.1		SAMN38021847		Fusobacterium mortiferum	Contig	current	SOURCE_DATABASE_GENBANK	ATCC 25557; CCUG 14475; DSM 19809		NCBI Datasets genome summary JSONL	results/fusobacterium_mortiferum_final_review/cache/ncbi/fusobacterium_mortiferum_datasets_summary_2026-05-23.jsonl	NCBI Datasets summary: strain=blank; biosample=SAMN38021847; observed=none; assembly_level=Contig; source_database=SOURCE_DATABASE_GENBANK.	no evidence	reject_for_strict_type_strain_selection	No type-strain deposit ID or equivalence evidence present in NCBI Datasets summary.
Fusobacterium mortiferum	GCA_037271195.1		SAMN37826553		Fusobacterium mortiferum	Contig	current	SOURCE_DATABASE_GENBANK	ATCC 25557; CCUG 14475; DSM 19809		NCBI Datasets genome summary JSONL	results/fusobacterium_mortiferum_final_review/cache/ncbi/fusobacterium_mortiferum_datasets_summary_2026-05-23.jsonl	NCBI Datasets summary: strain=blank; biosample=SAMN37826553; observed=none; assembly_level=Contig; source_database=SOURCE_DATABASE_GENBANK.	no evidence	reject_for_strict_type_strain_selection	No type-strain deposit ID or equivalence evidence present in NCBI Datasets summary.
Fusobacterium mortiferum	GCA_037303465.1		SAMN37826918		Fusobacterium mortiferum	Contig	current	SOURCE_DATABASE_GENBANK	ATCC 25557; CCUG 14475; DSM 19809		NCBI Datasets genome summary JSONL	results/fusobacterium_mortiferum_final_review/cache/ncbi/fusobacterium_mortiferum_datasets_summary_2026-05-23.jsonl	NCBI Datasets summary: strain=blank; biosample=SAMN37826918; observed=none; assembly_level=Contig; source_database=SOURCE_DATABASE_GENBANK.	no evidence	reject_for_strict_type_strain_selection	No type-strain deposit ID or equivalence evidence present in NCBI Datasets summary.
Fusobacterium mortiferum	GCA_037304105.1		SAMN37826886		Fusobacterium mortiferum	Contig	current	SOURCE_DATABASE_GENBANK	ATCC 25557; CCUG 14475; DSM 19809		NCBI Datasets genome summary JSONL	results/fusobacterium_mortiferum_final_review/cache/ncbi/fusobacterium_mortiferum_datasets_summary_2026-05-23.jsonl	NCBI Datasets summary: strain=blank; biosample=SAMN37826886; observed=none; assembly_level=Contig; source_database=SOURCE_DATABASE_GENBANK.	no evidence	reject_for_strict_type_strain_selection	No type-strain deposit ID or equivalence evidence present in NCBI Datasets summary.
Fusobacterium mortiferum	GCA_037371085.1		SAMN37829526		Fusobacterium mortiferum	Contig	current	SOURCE_DATABASE_GENBANK	ATCC 25557; CCUG 14475; DSM 19809		NCBI Datasets genome summary JSONL	results/fusobacterium_mortiferum_final_review/cache/ncbi/fusobacterium_mortiferum_datasets_summary_2026-05-23.jsonl	NCBI Datasets summary: strain=blank; biosample=SAMN37829526; observed=none; assembly_level=Contig; source_database=SOURCE_DATABASE_GENBANK.	no evidence	reject_for_strict_type_strain_selection	No type-strain deposit ID or equivalence evidence present in NCBI Datasets summary.
Fusobacterium mortiferum	GCA_037419905.1		SAMN37830570		Fusobacterium mortiferum	Contig	current	SOURCE_DATABASE_GENBANK	ATCC 25557; CCUG 14475; DSM 19809		NCBI Datasets genome summary JSONL	results/fusobacterium_mortiferum_final_review/cache/ncbi/fusobacterium_mortiferum_datasets_summary_2026-05-23.jsonl	NCBI Datasets summary: strain=blank; biosample=SAMN37830570; observed=none; assembly_level=Contig; source_database=SOURCE_DATABASE_GENBANK.	no evidence	reject_for_strict_type_strain_selection	No type-strain deposit ID or equivalence evidence present in NCBI Datasets summary.
Fusobacterium mortiferum	GCA_048192865.1		SAMN46330189		Fusobacterium mortiferum	Contig	current	SOURCE_DATABASE_GENBANK	ATCC 25557; CCUG 14475; DSM 19809		NCBI Datasets genome summary JSONL	results/fusobacterium_mortiferum_final_review/cache/ncbi/fusobacterium_mortiferum_datasets_summary_2026-05-23.jsonl	NCBI Datasets summary: strain=blank; biosample=SAMN46330189; observed=none; assembly_level=Contig; source_database=SOURCE_DATABASE_GENBANK.	no evidence	reject_for_strict_type_strain_selection	No type-strain deposit ID or equivalence evidence present in NCBI Datasets summary.
Fusobacterium mortiferum	GCA_052120955.1	GCF_052120955.1	SAMN48950749	LCP19S3_F8	Fusobacterium mortiferum	Contig	current	SOURCE_DATABASE_GENBANK	ATCC 25557; CCUG 14475; DSM 19809		NCBI Datasets genome summary JSONL	results/fusobacterium_mortiferum_final_review/cache/ncbi/fusobacterium_mortiferum_datasets_summary_2026-05-23.jsonl	NCBI Datasets summary: strain=LCP19S3_F8; biosample=SAMN48950749; observed=none; assembly_level=Contig; source_database=SOURCE_DATABASE_GENBANK.	no evidence	reject_for_strict_type_strain_selection	No type-strain deposit ID or equivalence evidence present in NCBI Datasets summary.
Fusobacterium mortiferum	GCA_052350005.1	GCF_052350005.1	SAMN37996374		Fusobacterium mortiferum	Scaffold	current	SOURCE_DATABASE_GENBANK	ATCC 25557; CCUG 14475; DSM 19809		NCBI Datasets genome summary JSONL	results/fusobacterium_mortiferum_final_review/cache/ncbi/fusobacterium_mortiferum_datasets_summary_2026-05-23.jsonl	NCBI Datasets summary: strain=blank; biosample=SAMN37996374; observed=none; assembly_level=Scaffold; source_database=SOURCE_DATABASE_GENBANK.	no evidence	reject_for_strict_type_strain_selection	No type-strain deposit ID or equivalence evidence present in NCBI Datasets summary.
Fusobacterium mortiferum	GCA_052356345.1		SAMN37995971		Fusobacterium mortiferum	Scaffold	current	SOURCE_DATABASE_GENBANK	ATCC 25557; CCUG 14475; DSM 19809		NCBI Datasets genome summary JSONL	results/fusobacterium_mortiferum_final_review/cache/ncbi/fusobacterium_mortiferum_datasets_summary_2026-05-23.jsonl	NCBI Datasets summary: strain=blank; biosample=SAMN37995971; observed=none; assembly_level=Scaffold; source_database=SOURCE_DATABASE_GENBANK.	no evidence	reject_for_strict_type_strain_selection	No type-strain deposit ID or equivalence evidence present in NCBI Datasets summary.
Fusobacterium mortiferum	GCA_056813795.1		SAMN50509226		Fusobacterium mortiferum	Scaffold	current	SOURCE_DATABASE_GENBANK	ATCC 25557; CCUG 14475; DSM 19809		NCBI Datasets genome summary JSONL	results/fusobacterium_mortiferum_final_review/cache/ncbi/fusobacterium_mortiferum_datasets_summary_2026-05-23.jsonl	NCBI Datasets summary: strain=blank; biosample=SAMN50509226; observed=none; assembly_level=Scaffold; source_database=SOURCE_DATABASE_GENBANK.	no evidence	reject_for_strict_type_strain_selection	No type-strain deposit ID or equivalence evidence present in NCBI Datasets summary.
Fusobacterium mortiferum	GCA_057585585.1	GCF_057585585.1	SAMN57540259	SYC45	Fusobacterium mortiferum	Complete Genome	current	SOURCE_DATABASE_GENBANK	ATCC 25557; CCUG 14475; DSM 19809	SYC45	NCBI Datasets genome summary JSONL	results/fusobacterium_mortiferum_final_review/cache/ncbi/fusobacterium_mortiferum_datasets_summary_2026-05-23.jsonl	NCBI Datasets summary: strain=SYC45; biosample=SAMN57540259; observed=SYC45; assembly_level=Complete Genome; source_database=SOURCE_DATABASE_GENBANK.	low	reject_until_equivalence_proven	Do not use unless a curator finds authoritative evidence that SYC45 equals ATCC 25557, CCUG 14475, or DSM 19809.
Fusobacterium mortiferum	GCA_057585615.1	GCF_057585615.1	SAMN57540307	SM100	Fusobacterium mortiferum	Complete Genome	current	SOURCE_DATABASE_GENBANK	ATCC 25557; CCUG 14475; DSM 19809		NCBI Datasets genome summary JSONL	results/fusobacterium_mortiferum_final_review/cache/ncbi/fusobacterium_mortiferum_datasets_summary_2026-05-23.jsonl	NCBI Datasets summary: strain=SM100; biosample=SAMN57540307; observed=none; assembly_level=Complete Genome; source_database=SOURCE_DATABASE_GENBANK.	no evidence	reject_for_strict_type_strain_selection	No type-strain deposit ID or equivalence evidence present in NCBI Datasets summary.
Fusobacterium mortiferum	GCA_057585635.1	GCF_057585635.1	SAMN57540719	FC91	Fusobacterium mortiferum	Complete Genome	current	SOURCE_DATABASE_GENBANK	ATCC 25557; CCUG 14475; DSM 19809		NCBI Datasets genome summary JSONL	results/fusobacterium_mortiferum_final_review/cache/ncbi/fusobacterium_mortiferum_datasets_summary_2026-05-23.jsonl	NCBI Datasets summary: strain=FC91; biosample=SAMN57540719; observed=none; assembly_level=Complete Genome; source_database=SOURCE_DATABASE_GENBANK.	no evidence	reject_for_strict_type_strain_selection	No type-strain deposit ID or equivalence evidence present in NCBI Datasets summary.
Fusobacterium mortiferum	GCA_902387645.1	GCF_902387645.1	SAMEA5851990		Fusobacterium mortiferum	Scaffold	current	SOURCE_DATABASE_GENBANK	ATCC 25557; CCUG 14475; DSM 19809		NCBI Datasets genome summary JSONL	results/fusobacterium_mortiferum_final_review/cache/ncbi/fusobacterium_mortiferum_datasets_summary_2026-05-23.jsonl	NCBI Datasets summary: strain=blank; biosample=SAMEA5851990; observed=none; assembly_level=Scaffold; source_database=SOURCE_DATABASE_GENBANK.	no evidence	reject_for_strict_type_strain_selection	No type-strain deposit ID or equivalence evidence present in NCBI Datasets summary.
Fusobacterium mortiferum	GCA_903181465.1	GCF_903181465.1	SAMEA6831318		Fusobacterium mortiferum	Contig	current	SOURCE_DATABASE_GENBANK	ATCC 25557; CCUG 14475; DSM 19809		NCBI Datasets genome summary JSONL	results/fusobacterium_mortiferum_final_review/cache/ncbi/fusobacterium_mortiferum_datasets_summary_2026-05-23.jsonl	NCBI Datasets summary: strain=blank; biosample=SAMEA6831318; observed=none; assembly_level=Contig; source_database=SOURCE_DATABASE_GENBANK.	no evidence	reject_for_strict_type_strain_selection	No type-strain deposit ID or equivalence evidence present in NCBI Datasets summary.
Fusobacterium mortiferum	GCA_905212055.1		SAMEA7848030		Fusobacterium mortiferum	Contig	current	SOURCE_DATABASE_GENBANK	ATCC 25557; CCUG 14475; DSM 19809		NCBI Datasets genome summary JSONL	results/fusobacterium_mortiferum_final_review/cache/ncbi/fusobacterium_mortiferum_datasets_summary_2026-05-23.jsonl	NCBI Datasets summary: strain=blank; biosample=SAMEA7848030; observed=none; assembly_level=Contig; source_database=SOURCE_DATABASE_GENBANK.	no evidence	reject_for_strict_type_strain_selection	No type-strain deposit ID or equivalence evidence present in NCBI Datasets summary.
Fusobacterium mortiferum	GCA_938049045.1		SAMEA14083676		Fusobacterium mortiferum	Contig	current	SOURCE_DATABASE_GENBANK	ATCC 25557; CCUG 14475; DSM 19809		NCBI Datasets genome summary JSONL	results/fusobacterium_mortiferum_final_review/cache/ncbi/fusobacterium_mortiferum_datasets_summary_2026-05-23.jsonl	NCBI Datasets summary: strain=blank; biosample=SAMEA14083676; observed=none; assembly_level=Contig; source_database=SOURCE_DATABASE_GENBANK.	no evidence	reject_for_strict_type_strain_selection	No type-strain deposit ID or equivalence evidence present in NCBI Datasets summary.
Fusobacterium mortiferum	GCA_944391595.1		SAMEA110136235		Fusobacterium mortiferum	Contig	current	SOURCE_DATABASE_GENBANK	ATCC 25557; CCUG 14475; DSM 19809		NCBI Datasets genome summary JSONL	results/fusobacterium_mortiferum_final_review/cache/ncbi/fusobacterium_mortiferum_datasets_summary_2026-05-23.jsonl	NCBI Datasets summary: strain=blank; biosample=SAMEA110136235; observed=none; assembly_level=Contig; source_database=SOURCE_DATABASE_GENBANK.	no evidence	reject_for_strict_type_strain_selection	No type-strain deposit ID or equivalence evidence present in NCBI Datasets summary.
Fusobacterium mortiferum	GCA_945788395.1		SAMEA110341228		Fusobacterium mortiferum	Contig	current	SOURCE_DATABASE_GENBANK	ATCC 25557; CCUG 14475; DSM 19809		NCBI Datasets genome summary JSONL	results/fusobacterium_mortiferum_final_review/cache/ncbi/fusobacterium_mortiferum_datasets_summary_2026-05-23.jsonl	NCBI Datasets summary: strain=blank; biosample=SAMEA110341228; observed=none; assembly_level=Contig; source_database=SOURCE_DATABASE_GENBANK.	no evidence	reject_for_strict_type_strain_selection	No type-strain deposit ID or equivalence evidence present in NCBI Datasets summary.
Fusobacterium mortiferum	GCA_945829845.1		SAMEA110360196		Fusobacterium mortiferum	Contig	current	SOURCE_DATABASE_GENBANK	ATCC 25557; CCUG 14475; DSM 19809		NCBI Datasets genome summary JSONL	results/fusobacterium_mortiferum_final_review/cache/ncbi/fusobacterium_mortiferum_datasets_summary_2026-05-23.jsonl	NCBI Datasets summary: strain=blank; biosample=SAMEA110360196; observed=none; assembly_level=Contig; source_database=SOURCE_DATABASE_GENBANK.	no evidence	reject_for_strict_type_strain_selection	No type-strain deposit ID or equivalence evidence present in NCBI Datasets summary.
Fusobacterium mortiferum	GCA_945875755.1		SAMEA110402238		Fusobacterium mortiferum	Contig	current	SOURCE_DATABASE_GENBANK	ATCC 25557; CCUG 14475; DSM 19809		NCBI Datasets genome summary JSONL	results/fusobacterium_mortiferum_final_review/cache/ncbi/fusobacterium_mortiferum_datasets_summary_2026-05-23.jsonl	NCBI Datasets summary: strain=blank; biosample=SAMEA110402238; observed=none; assembly_level=Contig; source_database=SOURCE_DATABASE_GENBANK.	no evidence	reject_for_strict_type_strain_selection	No type-strain deposit ID or equivalence evidence present in NCBI Datasets summary.
Fusobacterium mortiferum	GCA_945901345.1		SAMEA110405853		Fusobacterium mortiferum	Contig	current	SOURCE_DATABASE_GENBANK	ATCC 25557; CCUG 14475; DSM 19809		NCBI Datasets genome summary JSONL	results/fusobacterium_mortiferum_final_review/cache/ncbi/fusobacterium_mortiferum_datasets_summary_2026-05-23.jsonl	NCBI Datasets summary: strain=blank; biosample=SAMEA110405853; observed=none; assembly_level=Contig; source_database=SOURCE_DATABASE_GENBANK.	no evidence	reject_for_strict_type_strain_selection	No type-strain deposit ID or equivalence evidence present in NCBI Datasets summary.
Fusobacterium mortiferum	GCA_945993095.1		SAMEA110426285		Fusobacterium mortiferum	Contig	current	SOURCE_DATABASE_GENBANK	ATCC 25557; CCUG 14475; DSM 19809		NCBI Datasets genome summary JSONL	results/fusobacterium_mortiferum_final_review/cache/ncbi/fusobacterium_mortiferum_datasets_summary_2026-05-23.jsonl	NCBI Datasets summary: strain=blank; biosample=SAMEA110426285; observed=none; assembly_level=Contig; source_database=SOURCE_DATABASE_GENBANK.	no evidence	reject_for_strict_type_strain_selection	No type-strain deposit ID or equivalence evidence present in NCBI Datasets summary.
Fusobacterium mortiferum	GCA_949289175.1		SAMEA112663134		Fusobacterium mortiferum	Scaffold	current	SOURCE_DATABASE_GENBANK	ATCC 25557; CCUG 14475; DSM 19809		NCBI Datasets genome summary JSONL	results/fusobacterium_mortiferum_final_review/cache/ncbi/fusobacterium_mortiferum_datasets_summary_2026-05-23.jsonl	NCBI Datasets summary: strain=blank; biosample=SAMEA112663134; observed=none; assembly_level=Scaffold; source_database=SOURCE_DATABASE_GENBANK.	no evidence	reject_for_strict_type_strain_selection	No type-strain deposit ID or equivalence evidence present in NCBI Datasets summary.
Fusobacterium mortiferum	GCA_958368135.1		SAMEA114065823		Fusobacterium mortiferum	Contig	current	SOURCE_DATABASE_GENBANK	ATCC 25557; CCUG 14475; DSM 19809		NCBI Datasets genome summary JSONL	results/fusobacterium_mortiferum_final_review/cache/ncbi/fusobacterium_mortiferum_datasets_summary_2026-05-23.jsonl	NCBI Datasets summary: strain=blank; biosample=SAMEA114065823; observed=none; assembly_level=Contig; source_database=SOURCE_DATABASE_GENBANK.	no evidence	reject_for_strict_type_strain_selection	No type-strain deposit ID or equivalence evidence present in NCBI Datasets summary.
Fusobacterium mortiferum	GCA_958415265.1		SAMEA114061478		Fusobacterium mortiferum	Contig	current	SOURCE_DATABASE_GENBANK	ATCC 25557; CCUG 14475; DSM 19809		NCBI Datasets genome summary JSONL	results/fusobacterium_mortiferum_final_review/cache/ncbi/fusobacterium_mortiferum_datasets_summary_2026-05-23.jsonl	NCBI Datasets summary: strain=blank; biosample=SAMEA114061478; observed=none; assembly_level=Contig; source_database=SOURCE_DATABASE_GENBANK.	no evidence	reject_for_strict_type_strain_selection	No type-strain deposit ID or equivalence evidence present in NCBI Datasets summary.
Fusobacterium mortiferum	GCA_958434685.1		SAMEA114065293		Fusobacterium mortiferum	Contig	current	SOURCE_DATABASE_GENBANK	ATCC 25557; CCUG 14475; DSM 19809		NCBI Datasets genome summary JSONL	results/fusobacterium_mortiferum_final_review/cache/ncbi/fusobacterium_mortiferum_datasets_summary_2026-05-23.jsonl	NCBI Datasets summary: strain=blank; biosample=SAMEA114065293; observed=none; assembly_level=Contig; source_database=SOURCE_DATABASE_GENBANK.	no evidence	reject_for_strict_type_strain_selection	No type-strain deposit ID or equivalence evidence present in NCBI Datasets summary.
Fusobacterium mortiferum	GCA_958444155.1		SAMEA114062629		Fusobacterium mortiferum	Contig	current	SOURCE_DATABASE_GENBANK	ATCC 25557; CCUG 14475; DSM 19809		NCBI Datasets genome summary JSONL	results/fusobacterium_mortiferum_final_review/cache/ncbi/fusobacterium_mortiferum_datasets_summary_2026-05-23.jsonl	NCBI Datasets summary: strain=blank; biosample=SAMEA114062629; observed=none; assembly_level=Contig; source_database=SOURCE_DATABASE_GENBANK.	no evidence	reject_for_strict_type_strain_selection	No type-strain deposit ID or equivalence evidence present in NCBI Datasets summary.
Fusobacterium mortiferum	GCA_958449025.1		SAMEA114061927		Fusobacterium mortiferum	Contig	current	SOURCE_DATABASE_GENBANK	ATCC 25557; CCUG 14475; DSM 19809		NCBI Datasets genome summary JSONL	results/fusobacterium_mortiferum_final_review/cache/ncbi/fusobacterium_mortiferum_datasets_summary_2026-05-23.jsonl	NCBI Datasets summary: strain=blank; biosample=SAMEA114061927; observed=none; assembly_level=Contig; source_database=SOURCE_DATABASE_GENBANK.	no evidence	reject_for_strict_type_strain_selection	No type-strain deposit ID or equivalence evidence present in NCBI Datasets summary.
Fusobacterium mortiferum	GCA_959596625.1		SAMEA114122561		Fusobacterium mortiferum	Contig	current	SOURCE_DATABASE_GENBANK	ATCC 25557; CCUG 14475; DSM 19809		NCBI Datasets genome summary JSONL	results/fusobacterium_mortiferum_final_review/cache/ncbi/fusobacterium_mortiferum_datasets_summary_2026-05-23.jsonl	NCBI Datasets summary: strain=blank; biosample=SAMEA114122561; observed=none; assembly_level=Contig; source_database=SOURCE_DATABASE_GENBANK.	no evidence	reject_for_strict_type_strain_selection	No type-strain deposit ID or equivalence evidence present in NCBI Datasets summary.
Fusobacterium mortiferum	GCA_959602395.1		SAMEA114095987		Fusobacterium mortiferum	Contig	current	SOURCE_DATABASE_GENBANK	ATCC 25557; CCUG 14475; DSM 19809		NCBI Datasets genome summary JSONL	results/fusobacterium_mortiferum_final_review/cache/ncbi/fusobacterium_mortiferum_datasets_summary_2026-05-23.jsonl	NCBI Datasets summary: strain=blank; biosample=SAMEA114095987; observed=none; assembly_level=Contig; source_database=SOURCE_DATABASE_GENBANK.	no evidence	reject_for_strict_type_strain_selection	No type-strain deposit ID or equivalence evidence present in NCBI Datasets summary.
Fusobacterium mortiferum	GCA_963927775.1		SAMEA115146542		Fusobacterium mortiferum	Contig	current	SOURCE_DATABASE_GENBANK	ATCC 25557; CCUG 14475; DSM 19809		NCBI Datasets genome summary JSONL	results/fusobacterium_mortiferum_final_review/cache/ncbi/fusobacterium_mortiferum_datasets_summary_2026-05-23.jsonl	NCBI Datasets summary: strain=blank; biosample=SAMEA115146542; observed=none; assembly_level=Contig; source_database=SOURCE_DATABASE_GENBANK.	no evidence	reject_for_strict_type_strain_selection	No type-strain deposit ID or equivalence evidence present in NCBI Datasets summary.
Fusobacterium mortiferum	GCA_977037275.1		SAMEA120502180		Fusobacterium mortiferum	Scaffold	current	SOURCE_DATABASE_GENBANK	ATCC 25557; CCUG 14475; DSM 19809		NCBI Datasets genome summary JSONL	results/fusobacterium_mortiferum_final_review/cache/ncbi/fusobacterium_mortiferum_datasets_summary_2026-05-23.jsonl	NCBI Datasets summary: strain=blank; biosample=SAMEA120502180; observed=none; assembly_level=Scaffold; source_database=SOURCE_DATABASE_GENBANK.	no evidence	reject_for_strict_type_strain_selection	No type-strain deposit ID or equivalence evidence present in NCBI Datasets summary.
Fusobacterium mortiferum	GCA_977948935.1		SAMEA120811668		Fusobacterium mortiferum	Contig	current	SOURCE_DATABASE_GENBANK	ATCC 25557; CCUG 14475; DSM 19809		NCBI Datasets genome summary JSONL	results/fusobacterium_mortiferum_final_review/cache/ncbi/fusobacterium_mortiferum_datasets_summary_2026-05-23.jsonl	NCBI Datasets summary: strain=blank; biosample=SAMEA120811668; observed=none; assembly_level=Contig; source_database=SOURCE_DATABASE_GENBANK.	no evidence	reject_for_strict_type_strain_selection	No type-strain deposit ID or equivalence evidence present in NCBI Datasets summary.
Fusobacterium mortiferum	GCA_977950465.1		SAMEA120812548		Fusobacterium mortiferum	Contig	current	SOURCE_DATABASE_GENBANK	ATCC 25557; CCUG 14475; DSM 19809		NCBI Datasets genome summary JSONL	results/fusobacterium_mortiferum_final_review/cache/ncbi/fusobacterium_mortiferum_datasets_summary_2026-05-23.jsonl	NCBI Datasets summary: strain=blank; biosample=SAMEA120812548; observed=none; assembly_level=Contig; source_database=SOURCE_DATABASE_GENBANK.	no evidence	reject_for_strict_type_strain_selection	No type-strain deposit ID or equivalence evidence present in NCBI Datasets summary.
Fusobacterium mortiferum	GCA_977950705.1		SAMEA120811079		Fusobacterium mortiferum	Contig	current	SOURCE_DATABASE_GENBANK	ATCC 25557; CCUG 14475; DSM 19809		NCBI Datasets genome summary JSONL	results/fusobacterium_mortiferum_final_review/cache/ncbi/fusobacterium_mortiferum_datasets_summary_2026-05-23.jsonl	NCBI Datasets summary: strain=blank; biosample=SAMEA120811079; observed=none; assembly_level=Contig; source_database=SOURCE_DATABASE_GENBANK.	no evidence	reject_for_strict_type_strain_selection	No type-strain deposit ID or equivalence evidence present in NCBI Datasets summary.
Fusobacterium mortiferum	GCA_977959095.1		SAMEA120811273		Fusobacterium mortiferum	Contig	current	SOURCE_DATABASE_GENBANK	ATCC 25557; CCUG 14475; DSM 19809		NCBI Datasets genome summary JSONL	results/fusobacterium_mortiferum_final_review/cache/ncbi/fusobacterium_mortiferum_datasets_summary_2026-05-23.jsonl	NCBI Datasets summary: strain=blank; biosample=SAMEA120811273; observed=none; assembly_level=Contig; source_database=SOURCE_DATABASE_GENBANK.	no evidence	reject_for_strict_type_strain_selection	No type-strain deposit ID or equivalence evidence present in NCBI Datasets summary.
Fusobacterium mortiferum	GCA_977961915.1		SAMEA120811540		Fusobacterium mortiferum	Contig	current	SOURCE_DATABASE_GENBANK	ATCC 25557; CCUG 14475; DSM 19809		NCBI Datasets genome summary JSONL	results/fusobacterium_mortiferum_final_review/cache/ncbi/fusobacterium_mortiferum_datasets_summary_2026-05-23.jsonl	NCBI Datasets summary: strain=blank; biosample=SAMEA120811540; observed=none; assembly_level=Contig; source_database=SOURCE_DATABASE_GENBANK.	no evidence	reject_for_strict_type_strain_selection	No type-strain deposit ID or equivalence evidence present in NCBI Datasets summary.
Fusobacterium mortiferum	GCA_977962015.1		SAMEA120811641		Fusobacterium mortiferum	Contig	current	SOURCE_DATABASE_GENBANK	ATCC 25557; CCUG 14475; DSM 19809		NCBI Datasets genome summary JSONL	results/fusobacterium_mortiferum_final_review/cache/ncbi/fusobacterium_mortiferum_datasets_summary_2026-05-23.jsonl	NCBI Datasets summary: strain=blank; biosample=SAMEA120811641; observed=none; assembly_level=Contig; source_database=SOURCE_DATABASE_GENBANK.	no evidence	reject_for_strict_type_strain_selection	No type-strain deposit ID or equivalence evidence present in NCBI Datasets summary.
Fusobacterium mortiferum	GCA_977974705.1		SAMEA120848475		Fusobacterium mortiferum	Contig	current	SOURCE_DATABASE_GENBANK	ATCC 25557; CCUG 14475; DSM 19809		NCBI Datasets genome summary JSONL	results/fusobacterium_mortiferum_final_review/cache/ncbi/fusobacterium_mortiferum_datasets_summary_2026-05-23.jsonl	NCBI Datasets summary: strain=blank; biosample=SAMEA120848475; observed=none; assembly_level=Contig; source_database=SOURCE_DATABASE_GENBANK.	no evidence	reject_for_strict_type_strain_selection	No type-strain deposit ID or equivalence evidence present in NCBI Datasets summary.
Fusobacterium mortiferum	GCA_977983135.1		SAMEA120849660		Fusobacterium mortiferum	Contig	current	SOURCE_DATABASE_GENBANK	ATCC 25557; CCUG 14475; DSM 19809		NCBI Datasets genome summary JSONL	results/fusobacterium_mortiferum_final_review/cache/ncbi/fusobacterium_mortiferum_datasets_summary_2026-05-23.jsonl	NCBI Datasets summary: strain=blank; biosample=SAMEA120849660; observed=none; assembly_level=Contig; source_database=SOURCE_DATABASE_GENBANK.	no evidence	reject_for_strict_type_strain_selection	No type-strain deposit ID or equivalence evidence present in NCBI Datasets summary.
Fusobacterium mortiferum	GCA_977983665.1		SAMEA120848227		Fusobacterium mortiferum	Contig	current	SOURCE_DATABASE_GENBANK	ATCC 25557; CCUG 14475; DSM 19809		NCBI Datasets genome summary JSONL	results/fusobacterium_mortiferum_final_review/cache/ncbi/fusobacterium_mortiferum_datasets_summary_2026-05-23.jsonl	NCBI Datasets summary: strain=blank; biosample=SAMEA120848227; observed=none; assembly_level=Contig; source_database=SOURCE_DATABASE_GENBANK.	no evidence	reject_for_strict_type_strain_selection	No type-strain deposit ID or equivalence evidence present in NCBI Datasets summary.
Fusobacterium mortiferum	GCA_977992385.1		SAMEA120847943		Fusobacterium mortiferum	Contig	current	SOURCE_DATABASE_GENBANK	ATCC 25557; CCUG 14475; DSM 19809		NCBI Datasets genome summary JSONL	results/fusobacterium_mortiferum_final_review/cache/ncbi/fusobacterium_mortiferum_datasets_summary_2026-05-23.jsonl	NCBI Datasets summary: strain=blank; biosample=SAMEA120847943; observed=none; assembly_level=Contig; source_database=SOURCE_DATABASE_GENBANK.	no evidence	reject_for_strict_type_strain_selection	No type-strain deposit ID or equivalence evidence present in NCBI Datasets summary.
Fusobacterium mortiferum	GCA_977993305.1		SAMEA120848506		Fusobacterium mortiferum	Contig	current	SOURCE_DATABASE_GENBANK	ATCC 25557; CCUG 14475; DSM 19809		NCBI Datasets genome summary JSONL	results/fusobacterium_mortiferum_final_review/cache/ncbi/fusobacterium_mortiferum_datasets_summary_2026-05-23.jsonl	NCBI Datasets summary: strain=blank; biosample=SAMEA120848506; observed=none; assembly_level=Contig; source_database=SOURCE_DATABASE_GENBANK.	no evidence	reject_for_strict_type_strain_selection	No type-strain deposit ID or equivalence evidence present in NCBI Datasets summary.
Fusobacterium mortiferum	GCA_981455605.1		SAMEA121782918		Fusobacterium mortiferum	Contig	current	SOURCE_DATABASE_GENBANK	ATCC 25557; CCUG 14475; DSM 19809		NCBI Datasets genome summary JSONL	results/fusobacterium_mortiferum_final_review/cache/ncbi/fusobacterium_mortiferum_datasets_summary_2026-05-23.jsonl	NCBI Datasets summary: strain=blank; biosample=SAMEA121782918; observed=none; assembly_level=Contig; source_database=SOURCE_DATABASE_GENBANK.	no evidence	reject_for_strict_type_strain_selection	No type-strain deposit ID or equivalence evidence present in NCBI Datasets summary.
Fusobacterium mortiferum	GCA_981631575.1		SAMEA121805601		Fusobacterium mortiferum	Contig	current	SOURCE_DATABASE_GENBANK	ATCC 25557; CCUG 14475; DSM 19809		NCBI Datasets genome summary JSONL	results/fusobacterium_mortiferum_final_review/cache/ncbi/fusobacterium_mortiferum_datasets_summary_2026-05-23.jsonl	NCBI Datasets summary: strain=blank; biosample=SAMEA121805601; observed=none; assembly_level=Contig; source_database=SOURCE_DATABASE_GENBANK.	no evidence	reject_for_strict_type_strain_selection	No type-strain deposit ID or equivalence evidence present in NCBI Datasets summary.
Fusobacterium mortiferum	GCA_981808715.1		SAMEA121860734		Fusobacterium mortiferum	Contig	current	SOURCE_DATABASE_GENBANK	ATCC 25557; CCUG 14475; DSM 19809		NCBI Datasets genome summary JSONL	results/fusobacterium_mortiferum_final_review/cache/ncbi/fusobacterium_mortiferum_datasets_summary_2026-05-23.jsonl	NCBI Datasets summary: strain=blank; biosample=SAMEA121860734; observed=none; assembly_level=Contig; source_database=SOURCE_DATABASE_GENBANK.	no evidence	reject_for_strict_type_strain_selection	No type-strain deposit ID or equivalence evidence present in NCBI Datasets summary.
Fusobacterium mortiferum	GCA_981814395.1		SAMEA121861218		Fusobacterium mortiferum	Contig	current	SOURCE_DATABASE_GENBANK	ATCC 25557; CCUG 14475; DSM 19809		NCBI Datasets genome summary JSONL	results/fusobacterium_mortiferum_final_review/cache/ncbi/fusobacterium_mortiferum_datasets_summary_2026-05-23.jsonl	NCBI Datasets summary: strain=blank; biosample=SAMEA121861218; observed=none; assembly_level=Contig; source_database=SOURCE_DATABASE_GENBANK.	no evidence	reject_for_strict_type_strain_selection	No type-strain deposit ID or equivalence evidence present in NCBI Datasets summary.
Fusobacterium mortiferum	GCA_982306395.1		SAMEA121972919		Fusobacterium mortiferum	Contig	current	SOURCE_DATABASE_GENBANK	ATCC 25557; CCUG 14475; DSM 19809		NCBI Datasets genome summary JSONL	results/fusobacterium_mortiferum_final_review/cache/ncbi/fusobacterium_mortiferum_datasets_summary_2026-05-23.jsonl	NCBI Datasets summary: strain=blank; biosample=SAMEA121972919; observed=none; assembly_level=Contig; source_database=SOURCE_DATABASE_GENBANK.	no evidence	reject_for_strict_type_strain_selection	No type-strain deposit ID or equivalence evidence present in NCBI Datasets summary.
Fusobacterium mortiferum	GCA_982316985.1		SAMEA121973746		Fusobacterium mortiferum	Contig	current	SOURCE_DATABASE_GENBANK	ATCC 25557; CCUG 14475; DSM 19809		NCBI Datasets genome summary JSONL	results/fusobacterium_mortiferum_final_review/cache/ncbi/fusobacterium_mortiferum_datasets_summary_2026-05-23.jsonl	NCBI Datasets summary: strain=blank; biosample=SAMEA121973746; observed=none; assembly_level=Contig; source_database=SOURCE_DATABASE_GENBANK.	no evidence	reject_for_strict_type_strain_selection	No type-strain deposit ID or equivalence evidence present in NCBI Datasets summary.
Fusobacterium mortiferum	GCA_982317265.1		SAMEA121973602		Fusobacterium mortiferum	Contig	current	SOURCE_DATABASE_GENBANK	ATCC 25557; CCUG 14475; DSM 19809		NCBI Datasets genome summary JSONL	results/fusobacterium_mortiferum_final_review/cache/ncbi/fusobacterium_mortiferum_datasets_summary_2026-05-23.jsonl	NCBI Datasets summary: strain=blank; biosample=SAMEA121973602; observed=none; assembly_level=Contig; source_database=SOURCE_DATABASE_GENBANK.	no evidence	reject_for_strict_type_strain_selection	No type-strain deposit ID or equivalence evidence present in NCBI Datasets summary.
Fusobacterium mortiferum	GCA_982334705.1		SAMEA121994381		Fusobacterium mortiferum	Contig	current	SOURCE_DATABASE_GENBANK	ATCC 25557; CCUG 14475; DSM 19809		NCBI Datasets genome summary JSONL	results/fusobacterium_mortiferum_final_review/cache/ncbi/fusobacterium_mortiferum_datasets_summary_2026-05-23.jsonl	NCBI Datasets summary: strain=blank; biosample=SAMEA121994381; observed=none; assembly_level=Contig; source_database=SOURCE_DATABASE_GENBANK.	no evidence	reject_for_strict_type_strain_selection	No type-strain deposit ID or equivalence evidence present in NCBI Datasets summary.
Fusobacterium mortiferum	GCA_982395555.1		SAMEA122087672		Fusobacterium mortiferum	Contig	current	SOURCE_DATABASE_GENBANK	ATCC 25557; CCUG 14475; DSM 19809		NCBI Datasets genome summary JSONL	results/fusobacterium_mortiferum_final_review/cache/ncbi/fusobacterium_mortiferum_datasets_summary_2026-05-23.jsonl	NCBI Datasets summary: strain=blank; biosample=SAMEA122087672; observed=none; assembly_level=Contig; source_database=SOURCE_DATABASE_GENBANK.	no evidence	reject_for_strict_type_strain_selection	No type-strain deposit ID or equivalence evidence present in NCBI Datasets summary.
Fusobacterium mortiferum	GCA_982397755.1		SAMEA122087870		Fusobacterium mortiferum	Contig	current	SOURCE_DATABASE_GENBANK	ATCC 25557; CCUG 14475; DSM 19809		NCBI Datasets genome summary JSONL	results/fusobacterium_mortiferum_final_review/cache/ncbi/fusobacterium_mortiferum_datasets_summary_2026-05-23.jsonl	NCBI Datasets summary: strain=blank; biosample=SAMEA122087870; observed=none; assembly_level=Contig; source_database=SOURCE_DATABASE_GENBANK.	no evidence	reject_for_strict_type_strain_selection	No type-strain deposit ID or equivalence evidence present in NCBI Datasets summary.
Fusobacterium mortiferum	GCA_982401015.1		SAMEA122088029		Fusobacterium mortiferum	Contig	current	SOURCE_DATABASE_GENBANK	ATCC 25557; CCUG 14475; DSM 19809		NCBI Datasets genome summary JSONL	results/fusobacterium_mortiferum_final_review/cache/ncbi/fusobacterium_mortiferum_datasets_summary_2026-05-23.jsonl	NCBI Datasets summary: strain=blank; biosample=SAMEA122088029; observed=none; assembly_level=Contig; source_database=SOURCE_DATABASE_GENBANK.	no evidence	reject_for_strict_type_strain_selection	No type-strain deposit ID or equivalence evidence present in NCBI Datasets summary.
Fusobacterium mortiferum	GCA_982402055.1		SAMEA122088239		Fusobacterium mortiferum	Contig	current	SOURCE_DATABASE_GENBANK	ATCC 25557; CCUG 14475; DSM 19809		NCBI Datasets genome summary JSONL	results/fusobacterium_mortiferum_final_review/cache/ncbi/fusobacterium_mortiferum_datasets_summary_2026-05-23.jsonl	NCBI Datasets summary: strain=blank; biosample=SAMEA122088239; observed=none; assembly_level=Contig; source_database=SOURCE_DATABASE_GENBANK.	no evidence	reject_for_strict_type_strain_selection	No type-strain deposit ID or equivalence evidence present in NCBI Datasets summary.
Fusobacterium mortiferum	GCA_982405765.1		SAMEA122088854		Fusobacterium mortiferum	Contig	current	SOURCE_DATABASE_GENBANK	ATCC 25557; CCUG 14475; DSM 19809		NCBI Datasets genome summary JSONL	results/fusobacterium_mortiferum_final_review/cache/ncbi/fusobacterium_mortiferum_datasets_summary_2026-05-23.jsonl	NCBI Datasets summary: strain=blank; biosample=SAMEA122088854; observed=none; assembly_level=Contig; source_database=SOURCE_DATABASE_GENBANK.	no evidence	reject_for_strict_type_strain_selection	No type-strain deposit ID or equivalence evidence present in NCBI Datasets summary.
Fusobacterium mortiferum	GCA_982406715.1		SAMEA122088862		Fusobacterium mortiferum	Contig	current	SOURCE_DATABASE_GENBANK	ATCC 25557; CCUG 14475; DSM 19809		NCBI Datasets genome summary JSONL	results/fusobacterium_mortiferum_final_review/cache/ncbi/fusobacterium_mortiferum_datasets_summary_2026-05-23.jsonl	NCBI Datasets summary: strain=blank; biosample=SAMEA122088862; observed=none; assembly_level=Contig; source_database=SOURCE_DATABASE_GENBANK.	no evidence	reject_for_strict_type_strain_selection	No type-strain deposit ID or equivalence evidence present in NCBI Datasets summary.
Fusobacterium mortiferum	GCA_982408385.1		SAMEA122088871		Fusobacterium mortiferum	Contig	current	SOURCE_DATABASE_GENBANK	ATCC 25557; CCUG 14475; DSM 19809		NCBI Datasets genome summary JSONL	results/fusobacterium_mortiferum_final_review/cache/ncbi/fusobacterium_mortiferum_datasets_summary_2026-05-23.jsonl	NCBI Datasets summary: strain=blank; biosample=SAMEA122088871; observed=none; assembly_level=Contig; source_database=SOURCE_DATABASE_GENBANK.	no evidence	reject_for_strict_type_strain_selection	No type-strain deposit ID or equivalence evidence present in NCBI Datasets summary.
Fusobacterium mortiferum	GCA_982409465.1		SAMEA122088987		Fusobacterium mortiferum	Contig	current	SOURCE_DATABASE_GENBANK	ATCC 25557; CCUG 14475; DSM 19809		NCBI Datasets genome summary JSONL	results/fusobacterium_mortiferum_final_review/cache/ncbi/fusobacterium_mortiferum_datasets_summary_2026-05-23.jsonl	NCBI Datasets summary: strain=blank; biosample=SAMEA122088987; observed=none; assembly_level=Contig; source_database=SOURCE_DATABASE_GENBANK.	no evidence	reject_for_strict_type_strain_selection	No type-strain deposit ID or equivalence evidence present in NCBI Datasets summary.
Fusobacterium mortiferum	GCA_982410965.1		SAMEA122089075		Fusobacterium mortiferum	Contig	current	SOURCE_DATABASE_GENBANK	ATCC 25557; CCUG 14475; DSM 19809		NCBI Datasets genome summary JSONL	results/fusobacterium_mortiferum_final_review/cache/ncbi/fusobacterium_mortiferum_datasets_summary_2026-05-23.jsonl	NCBI Datasets summary: strain=blank; biosample=SAMEA122089075; observed=none; assembly_level=Contig; source_database=SOURCE_DATABASE_GENBANK.	no evidence	reject_for_strict_type_strain_selection	No type-strain deposit ID or equivalence evidence present in NCBI Datasets summary.
Fusobacterium mortiferum	GCA_982411545.1		SAMEA122089411		Fusobacterium mortiferum	Contig	current	SOURCE_DATABASE_GENBANK	ATCC 25557; CCUG 14475; DSM 19809		NCBI Datasets genome summary JSONL	results/fusobacterium_mortiferum_final_review/cache/ncbi/fusobacterium_mortiferum_datasets_summary_2026-05-23.jsonl	NCBI Datasets summary: strain=blank; biosample=SAMEA122089411; observed=none; assembly_level=Contig; source_database=SOURCE_DATABASE_GENBANK.	no evidence	reject_for_strict_type_strain_selection	No type-strain deposit ID or equivalence evidence present in NCBI Datasets summary.
Fusobacterium mortiferum	GCA_982420445.1		SAMEA122090258		Fusobacterium mortiferum	Contig	current	SOURCE_DATABASE_GENBANK	ATCC 25557; CCUG 14475; DSM 19809		NCBI Datasets genome summary JSONL	results/fusobacterium_mortiferum_final_review/cache/ncbi/fusobacterium_mortiferum_datasets_summary_2026-05-23.jsonl	NCBI Datasets summary: strain=blank; biosample=SAMEA122090258; observed=none; assembly_level=Contig; source_database=SOURCE_DATABASE_GENBANK.	no evidence	reject_for_strict_type_strain_selection	No type-strain deposit ID or equivalence evidence present in NCBI Datasets summary.
Fusobacterium mortiferum	GCA_982420845.1		SAMEA122089903		Fusobacterium mortiferum	Contig	current	SOURCE_DATABASE_GENBANK	ATCC 25557; CCUG 14475; DSM 19809		NCBI Datasets genome summary JSONL	results/fusobacterium_mortiferum_final_review/cache/ncbi/fusobacterium_mortiferum_datasets_summary_2026-05-23.jsonl	NCBI Datasets summary: strain=blank; biosample=SAMEA122089903; observed=none; assembly_level=Contig; source_database=SOURCE_DATABASE_GENBANK.	no evidence	reject_for_strict_type_strain_selection	No type-strain deposit ID or equivalence evidence present in NCBI Datasets summary.
Fusobacterium mortiferum	GCA_982422305.1		SAMEA122090296		Fusobacterium mortiferum	Contig	current	SOURCE_DATABASE_GENBANK	ATCC 25557; CCUG 14475; DSM 19809		NCBI Datasets genome summary JSONL	results/fusobacterium_mortiferum_final_review/cache/ncbi/fusobacterium_mortiferum_datasets_summary_2026-05-23.jsonl	NCBI Datasets summary: strain=blank; biosample=SAMEA122090296; observed=none; assembly_level=Contig; source_database=SOURCE_DATABASE_GENBANK.	no evidence	reject_for_strict_type_strain_selection	No type-strain deposit ID or equivalence evidence present in NCBI Datasets summary.
Fusobacterium mortiferum	GCA_982424485.1		SAMEA122090424		Fusobacterium mortiferum	Contig	current	SOURCE_DATABASE_GENBANK	ATCC 25557; CCUG 14475; DSM 19809		NCBI Datasets genome summary JSONL	results/fusobacterium_mortiferum_final_review/cache/ncbi/fusobacterium_mortiferum_datasets_summary_2026-05-23.jsonl	NCBI Datasets summary: strain=blank; biosample=SAMEA122090424; observed=none; assembly_level=Contig; source_database=SOURCE_DATABASE_GENBANK.	no evidence	reject_for_strict_type_strain_selection	No type-strain deposit ID or equivalence evidence present in NCBI Datasets summary.
Fusobacterium mortiferum	GCA_982425175.1		SAMEA122090477		Fusobacterium mortiferum	Contig	current	SOURCE_DATABASE_GENBANK	ATCC 25557; CCUG 14475; DSM 19809		NCBI Datasets genome summary JSONL	results/fusobacterium_mortiferum_final_review/cache/ncbi/fusobacterium_mortiferum_datasets_summary_2026-05-23.jsonl	NCBI Datasets summary: strain=blank; biosample=SAMEA122090477; observed=none; assembly_level=Contig; source_database=SOURCE_DATABASE_GENBANK.	no evidence	reject_for_strict_type_strain_selection	No type-strain deposit ID or equivalence evidence present in NCBI Datasets summary.
Fusobacterium mortiferum	GCA_982425965.1		SAMEA122090373		Fusobacterium mortiferum	Contig	current	SOURCE_DATABASE_GENBANK	ATCC 25557; CCUG 14475; DSM 19809		NCBI Datasets genome summary JSONL	results/fusobacterium_mortiferum_final_review/cache/ncbi/fusobacterium_mortiferum_datasets_summary_2026-05-23.jsonl	NCBI Datasets summary: strain=blank; biosample=SAMEA122090373; observed=none; assembly_level=Contig; source_database=SOURCE_DATABASE_GENBANK.	no evidence	reject_for_strict_type_strain_selection	No type-strain deposit ID or equivalence evidence present in NCBI Datasets summary.
Fusobacterium mortiferum	GCA_982428975.1		SAMEA122091028		Fusobacterium mortiferum	Contig	current	SOURCE_DATABASE_GENBANK	ATCC 25557; CCUG 14475; DSM 19809		NCBI Datasets genome summary JSONL	results/fusobacterium_mortiferum_final_review/cache/ncbi/fusobacterium_mortiferum_datasets_summary_2026-05-23.jsonl	NCBI Datasets summary: strain=blank; biosample=SAMEA122091028; observed=none; assembly_level=Contig; source_database=SOURCE_DATABASE_GENBANK.	no evidence	reject_for_strict_type_strain_selection	No type-strain deposit ID or equivalence evidence present in NCBI Datasets summary.
Fusobacterium mortiferum	GCA_982435335.1		SAMEA122091460		Fusobacterium mortiferum	Contig	current	SOURCE_DATABASE_GENBANK	ATCC 25557; CCUG 14475; DSM 19809		NCBI Datasets genome summary JSONL	results/fusobacterium_mortiferum_final_review/cache/ncbi/fusobacterium_mortiferum_datasets_summary_2026-05-23.jsonl	NCBI Datasets summary: strain=blank; biosample=SAMEA122091460; observed=none; assembly_level=Contig; source_database=SOURCE_DATABASE_GENBANK.	no evidence	reject_for_strict_type_strain_selection	No type-strain deposit ID or equivalence evidence present in NCBI Datasets summary.
Fusobacterium mortiferum	GCA_982438635.1		SAMEA122091929		Fusobacterium mortiferum	Contig	current	SOURCE_DATABASE_GENBANK	ATCC 25557; CCUG 14475; DSM 19809		NCBI Datasets genome summary JSONL	results/fusobacterium_mortiferum_final_review/cache/ncbi/fusobacterium_mortiferum_datasets_summary_2026-05-23.jsonl	NCBI Datasets summary: strain=blank; biosample=SAMEA122091929; observed=none; assembly_level=Contig; source_database=SOURCE_DATABASE_GENBANK.	no evidence	reject_for_strict_type_strain_selection	No type-strain deposit ID or equivalence evidence present in NCBI Datasets summary.
Fusobacterium mortiferum	GCA_982441065.1		SAMEA122091821		Fusobacterium mortiferum	Contig	current	SOURCE_DATABASE_GENBANK	ATCC 25557; CCUG 14475; DSM 19809		NCBI Datasets genome summary JSONL	results/fusobacterium_mortiferum_final_review/cache/ncbi/fusobacterium_mortiferum_datasets_summary_2026-05-23.jsonl	NCBI Datasets summary: strain=blank; biosample=SAMEA122091821; observed=none; assembly_level=Contig; source_database=SOURCE_DATABASE_GENBANK.	no evidence	reject_for_strict_type_strain_selection	No type-strain deposit ID or equivalence evidence present in NCBI Datasets summary.
Fusobacterium mortiferum	GCA_982445465.1		SAMEA122092406		Fusobacterium mortiferum	Contig	current	SOURCE_DATABASE_GENBANK	ATCC 25557; CCUG 14475; DSM 19809		NCBI Datasets genome summary JSONL	results/fusobacterium_mortiferum_final_review/cache/ncbi/fusobacterium_mortiferum_datasets_summary_2026-05-23.jsonl	NCBI Datasets summary: strain=blank; biosample=SAMEA122092406; observed=none; assembly_level=Contig; source_database=SOURCE_DATABASE_GENBANK.	no evidence	reject_for_strict_type_strain_selection	No type-strain deposit ID or equivalence evidence present in NCBI Datasets summary.
Fusobacterium mortiferum	GCF_003019315.1	GCA_003019315.1	SAMN08501148	ATCC 9817	Fusobacterium mortiferum ATCC 9817	Complete Genome	current	SOURCE_DATABASE_REFSEQ	ATCC 25557; CCUG 14475; DSM 19809	ATCC 9817	NCBI Datasets genome summary JSONL	results/fusobacterium_mortiferum_final_review/cache/ncbi/fusobacterium_mortiferum_datasets_summary_2026-05-23.jsonl	NCBI Datasets summary: strain=ATCC 9817; biosample=SAMN08501148; observed=ATCC 9817; assembly_level=Complete Genome; source_database=SOURCE_DATABASE_REFSEQ.	low	reject_for_strict_type_strain_selection	Do not use for F. mortiferum type-strain strict selection; ATCC 9817 is not in the LPSN type-strain ID list.
Fusobacterium mortiferum	GCF_000158195.2	GCA_000158195.2	SAMN02463687	ATCC 9817	Fusobacterium mortiferum ATCC 9817	Scaffold	current	SOURCE_DATABASE_REFSEQ	ATCC 25557; CCUG 14475; DSM 19809	ATCC 9817; ATCC:9817	NCBI Datasets genome summary JSONL	results/fusobacterium_mortiferum_final_review/cache/ncbi/fusobacterium_mortiferum_datasets_summary_2026-05-23.jsonl	NCBI Datasets summary: strain=ATCC 9817; biosample=SAMN02463687; observed=ATCC 9817; ATCC:9817; assembly_level=Scaffold; source_database=SOURCE_DATABASE_REFSEQ.	low	reject_for_strict_type_strain_selection	Do not use for F. mortiferum type-strain strict selection; ATCC 9817 is not in the LPSN type-strain ID list.
Fusobacterium mortiferum	GCF_964241265.1	GCA_964241265.1	SAMEA111347017		Fusobacterium mortiferum ATCC 9817	Contig	current	SOURCE_DATABASE_REFSEQ	ATCC 25557; CCUG 14475; DSM 19809	ATCC 9817	NCBI Datasets genome summary JSONL	results/fusobacterium_mortiferum_final_review/cache/ncbi/fusobacterium_mortiferum_datasets_summary_2026-05-23.jsonl	NCBI Datasets summary: strain=blank; biosample=SAMEA111347017; observed=ATCC 9817; assembly_level=Contig; source_database=SOURCE_DATABASE_REFSEQ.	low	reject_for_strict_type_strain_selection	Do not use for F. mortiferum type-strain strict selection; ATCC 9817 is not in the LPSN type-strain ID list.
Fusobacterium mortiferum	GCF_964241285.1	GCA_964241285.1	SAMEA111347018		Fusobacterium mortiferum ATCC 9817	Contig	current	SOURCE_DATABASE_REFSEQ	ATCC 25557; CCUG 14475; DSM 19809	ATCC 9817	NCBI Datasets genome summary JSONL	results/fusobacterium_mortiferum_final_review/cache/ncbi/fusobacterium_mortiferum_datasets_summary_2026-05-23.jsonl	NCBI Datasets summary: strain=blank; biosample=SAMEA111347018; observed=ATCC 9817; assembly_level=Contig; source_database=SOURCE_DATABASE_REFSEQ.	low	reject_for_strict_type_strain_selection	Do not use for F. mortiferum type-strain strict selection; ATCC 9817 is not in the LPSN type-strain ID list.
Fusobacterium mortiferum	GCF_964250655.1	GCA_964250655.1	SAMEA111347212		Fusobacterium mortiferum ATCC 9817	Scaffold	current	SOURCE_DATABASE_REFSEQ	ATCC 25557; CCUG 14475; DSM 19809	ATCC 9817	NCBI Datasets genome summary JSONL	results/fusobacterium_mortiferum_final_review/cache/ncbi/fusobacterium_mortiferum_datasets_summary_2026-05-23.jsonl	NCBI Datasets summary: strain=blank; biosample=SAMEA111347212; observed=ATCC 9817; assembly_level=Scaffold; source_database=SOURCE_DATABASE_REFSEQ.	low	reject_for_strict_type_strain_selection	Do not use for F. mortiferum type-strain strict selection; ATCC 9817 is not in the LPSN type-strain ID list.
Fusobacterium mortiferum	GCA_000158195.2	GCF_000158195.2	SAMN02463687	ATCC 9817	Fusobacterium mortiferum ATCC 9817	Scaffold	current	SOURCE_DATABASE_GENBANK	ATCC 25557; CCUG 14475; DSM 19809	ATCC 9817; ATCC:9817	NCBI Datasets genome summary JSONL	results/fusobacterium_mortiferum_final_review/cache/ncbi/fusobacterium_mortiferum_datasets_summary_2026-05-23.jsonl	NCBI Datasets summary: strain=ATCC 9817; biosample=SAMN02463687; observed=ATCC 9817; ATCC:9817; assembly_level=Scaffold; source_database=SOURCE_DATABASE_GENBANK.	low	reject_for_strict_type_strain_selection	Do not use for F. mortiferum type-strain strict selection; ATCC 9817 is not in the LPSN type-strain ID list.
Fusobacterium mortiferum	GCA_003019315.1	GCF_003019315.1	SAMN08501148	ATCC 9817	Fusobacterium mortiferum ATCC 9817	Complete Genome	current	SOURCE_DATABASE_GENBANK	ATCC 25557; CCUG 14475; DSM 19809	ATCC 9817	NCBI Datasets genome summary JSONL	results/fusobacterium_mortiferum_final_review/cache/ncbi/fusobacterium_mortiferum_datasets_summary_2026-05-23.jsonl	NCBI Datasets summary: strain=ATCC 9817; biosample=SAMN08501148; observed=ATCC 9817; assembly_level=Complete Genome; source_database=SOURCE_DATABASE_GENBANK.	low	reject_for_strict_type_strain_selection	Do not use for F. mortiferum type-strain strict selection; ATCC 9817 is not in the LPSN type-strain ID list.
Fusobacterium mortiferum	GCA_964241265.1	GCF_964241265.1	SAMEA111347017		Fusobacterium mortiferum ATCC 9817	Contig	current	SOURCE_DATABASE_GENBANK	ATCC 25557; CCUG 14475; DSM 19809	ATCC 9817	NCBI Datasets genome summary JSONL	results/fusobacterium_mortiferum_final_review/cache/ncbi/fusobacterium_mortiferum_datasets_summary_2026-05-23.jsonl	NCBI Datasets summary: strain=blank; biosample=SAMEA111347017; observed=ATCC 9817; assembly_level=Contig; source_database=SOURCE_DATABASE_GENBANK.	low	reject_for_strict_type_strain_selection	Do not use for F. mortiferum type-strain strict selection; ATCC 9817 is not in the LPSN type-strain ID list.
Fusobacterium mortiferum	GCA_964241285.1	GCF_964241285.1	SAMEA111347018		Fusobacterium mortiferum ATCC 9817	Contig	current	SOURCE_DATABASE_GENBANK	ATCC 25557; CCUG 14475; DSM 19809	ATCC 9817	NCBI Datasets genome summary JSONL	results/fusobacterium_mortiferum_final_review/cache/ncbi/fusobacterium_mortiferum_datasets_summary_2026-05-23.jsonl	NCBI Datasets summary: strain=blank; biosample=SAMEA111347018; observed=ATCC 9817; assembly_level=Contig; source_database=SOURCE_DATABASE_GENBANK.	low	reject_for_strict_type_strain_selection	Do not use for F. mortiferum type-strain strict selection; ATCC 9817 is not in the LPSN type-strain ID list.
Fusobacterium mortiferum	GCA_964250655.1	GCF_964250655.1	SAMEA111347212		Fusobacterium mortiferum ATCC 9817	Scaffold	current	SOURCE_DATABASE_GENBANK	ATCC 25557; CCUG 14475; DSM 19809	ATCC 9817	NCBI Datasets genome summary JSONL	results/fusobacterium_mortiferum_final_review/cache/ncbi/fusobacterium_mortiferum_datasets_summary_2026-05-23.jsonl	NCBI Datasets summary: strain=blank; biosample=SAMEA111347212; observed=ATCC 9817; assembly_level=Scaffold; source_database=SOURCE_DATABASE_GENBANK.	low	reject_for_strict_type_strain_selection	Do not use for F. mortiferum type-strain strict selection; ATCC 9817 is not in the LPSN type-strain ID list.
					Fusobacterium mortiferum				ATCC 25557; CCUG 14475; DSM 19809	ATCC 25557; CCUG 14475; DSM 19809	LPSN species page	https://lpsn.dsmz.de/species/fusobacterium-mortiferum	LPSN lists the type strain IDs as ATCC 25557, CCUG 14475, and DSM 19809.	high	type_vocabulary_only_not_accession	Use these IDs as the only accepted curator_confirmed_deposit_id values.
				VPI 4123A [350A]	Fusobacterium mortiferum				ATCC 25557; CCUG 14475; DSM 19809	ATCC 25557; VPI 4123A; 350A	ATCC product page	https://www.atcc.org/products/25557	ATCC 25557 is the type strain and is marked genome sequenced, but this page does not provide an NCBI Assembly accession for TypeTreeFlow strict NCBI download.	medium	external_genome_exists_but_no_ncbi_accession	Do not add to NCBI strict layer unless an accession or acceptable external-genome ingestion path is explicitly added later.
				VPI 4123A [350A]	Fusobacterium mortiferum	1 circular contig			ATCC 25557; CCUG 14475; DSM 19809	ATCC 25557; VPI 4123A; 350A	ATCC Genome Portal	https://genomes.atcc.org/genomes/4a4de2c8308b499d	ATCC Genome Portal reports a genome for ATCC 25557, type strain yes, published February 25, 2023; no NCBI Assembly accession is exposed in the inspected page.	medium	external_genome_exists_but_no_ncbi_accession	Keep outside current strict NCBI-accession workflow; review separately only if ATCC portal data ingestion becomes in scope.
				350A	Fusobacterium mortiferum				ATCC 25557; CCUG 14475; DSM 19809	DSM 19809; CCUG 14475; ATCC 25557; VPI 4123A; 350A	DSMZ collection page	https://www.dsmz.de/collection/catalogue/details/culture/DSM-19809	DSMZ confirms DSM 19809 history through CCUG 14475, ATCC 25557, VPI 4123A, and 350A; no NCBI Assembly accession is provided.	high	type_vocabulary_only_not_accession	Confirms type-strain equivalence, but does not make SYC45 or any NCBI accession strict-eligible.
					Fusobacterium mortiferum				ATCC 25557; CCUG 14475; DSM 19809	CCUG 14475; ATCC 25557; VPI 4123A; A. Prevot 350A	CCUG collection page	https://ccug.se/strain?collection=typestrains&id=14475&p=79&records=50&s=1700&sort=so&t=	CCUG 14475T page lists other collections including VPI 4123A, A. Prevot 350A, and ATCC 25557; no NCBI Assembly accession is provided.	high	type_vocabulary_only_not_accession	Confirms type-strain equivalence, but does not identify a strict NCBI genome accession.
				350A	Fusobacterium mortiferum				ATCC 25557; CCUG 14475; DSM 19809	DSM 19809; ATCC 25557; CCUG 14475; VPI 4123A; 350A	BacDive strain page	https://bacdive.dsmz.de/strain/5770	BacDive confirms the type strain and the equivalent culture collection IDs; it lists 16S accessions, not an NCBI Assembly accession for the type genome.	high	type_vocabulary_only_not_accession	Confirms the accepted deposit vocabulary only.
					Fusobacterium mortiferum				ATCC 25557; CCUG 14475; DSM 19809	none	NCBI E-utilities Assembly esearch	results/fusobacterium_mortiferum_final_review/cache/ncbi/eutils/assembly_exact_type_ids_no_alias_esearch.json	Exact Assembly search for ATCC 25557, CCUG 14475, or DSM 19809 under F. mortiferum returned count=0.	no evidence	no_high_confidence_ncbi_accession_found	Do not force an accession into strict selection.
GCF_057585585.1	GCA_057585585.1	SAMN57540259	SYC45	SYC45	Fusobacterium mortiferum	Complete Genome	current	SOURCE_DATABASE_REFSEQ	ATCC 25557; CCUG 14475; DSM 19809	SYC45	NCBI E-utilities + Datasets summary	https://www.ncbi.nlm.nih.gov/datasets/genome/GCF_057585585.1/ | https://www.ncbi.nlm.nih.gov/biosample/SAMN57540259	Current best candidate is strain SYC45 from chicken; no inspected NCBI or collection source links SYC45 to ATCC 25557, CCUG 14475, or DSM 19809.	low	reject_until_equivalence_proven	Keep unselected; do not fill curator_confirmed_deposit_id.
